{
  "generatedAt": "2026-07-11T15:19:02.271Z",
  "totalRecords": 1098966,
  "vesselTypeFrequency": {
    "tug": 0.3984290687791979,
    "cargo": 0.14298258544850342,
    "sailing": 0.03781463666755842,
    "passenger": 0.06622133896772056,
    "pleasure": 0.18144601379842507,
    "fishing": 0.052310080566641735,
    "tanker": 0.04308049566592597,
    "dredger": 0.005532473252129729,
    "military": 0.0721833068538972
  },
  "vesselTypeStats": {
    "tug": {
      "speedMean": 1.4756286213798953,
      "speedStd": 2.786667822658487,
      "headingMean": 187.6936197619097,
      "headingStd": 108.53935824509128,
      "lengthMean": 25.810291254953277,
      "widthMean": 8.68787077324283,
      "draftMean": 3.96241869228969,
      "stoppedFraction": 0.7631754442059105,
      "slowFraction": 0.13192801352030328,
      "moderateFraction": 0.10015073311104006,
      "fastFraction": 0.004745809162746083
    },
    "cargo": {
      "speedMean": 3.657850796567878,
      "speedStd": 5.685301527981074,
      "headingMean": 184.3095392853274,
      "headingStd": 102.77475236910486,
      "lengthMean": 164.03317024850915,
      "widthMean": 24.237162356754876,
      "draftMean": 7.806899614417377,
      "stoppedFraction": 0.6599568518388881,
      "slowFraction": 0.06649780758974881,
      "moderateFraction": 0.15000031820177812,
      "fastFraction": 0.123545022369585
    },
    "sailing": {
      "speedMean": 0.32484451005546305,
      "speedStd": 1.3083158233772956,
      "headingMean": 167.62926577042398,
      "headingStd": 94.03756258329274,
      "lengthMean": 14.94930262893839,
      "widthMean": 5.405729480232791,
      "draftMean": 3.975571597576008,
      "stoppedFraction": 0.9510311138917631,
      "slowFraction": 0.022138267921168516,
      "moderateFraction": 0.021079481194503934,
      "fastFraction": 0.0057511369925644295
    },
    "passenger": {
      "speedMean": 2.535859396623581,
      "speedStd": 5.697346075065339,
      "headingMean": 175.31970561177553,
      "headingStd": 99.21955367083766,
      "lengthMean": 58.974490290254266,
      "widthMean": 12.097142698700974,
      "draftMean": 4.024322069842881,
      "stoppedFraction": 0.7937341119890072,
      "slowFraction": 0.03304706286499485,
      "moderateFraction": 0.07119203023016146,
      "fastFraction": 0.10202679491583648
    },
    "pleasure": {
      "speedMean": 0.1557709739147243,
      "speedStd": 1.0460816982668382,
      "headingMean": 168.85083856043417,
      "headingStd": 105.91031000715516,
      "lengthMean": 21.22672120405014,
      "widthMean": 6.44716336150155,
      "draftMean": 3.8372843157612313,
      "stoppedFraction": 0.9801958847158769,
      "slowFraction": 0.00644423604459311,
      "moderateFraction": 0.008329864645968216,
      "fastFraction": 0.0050300145935617815
    },
    "fishing": {
      "speedMean": 1.1004572026873263,
      "speedStd": 2.6321602972470117,
      "headingMean": 167.26254289158862,
      "headingStd": 116.84757274949703,
      "lengthMean": 26.81265951092367,
      "widthMean": 7.3430852518182315,
      "draftMean": 3.968968154257944,
      "stoppedFraction": 0.8325708421034321,
      "slowFraction": 0.07159879624958686,
      "moderateFraction": 0.08986379529284882,
      "fastFraction": 0.005966566354132239
    },
    "tanker": {
      "speedMean": 5.924002873077831,
      "speedStd": 5.774924794191595,
      "headingMean": 169.05592465974328,
      "headingStd": 101.97250378033401,
      "lengthMean": 194.73039878337275,
      "widthMean": 31.484137377492395,
      "draftMean": 10.644550293607585,
      "stoppedFraction": 0.45348935451165934,
      "slowFraction": 0.06387293004393377,
      "moderateFraction": 0.2987706995606624,
      "fastFraction": 0.18386701588374452
    },
    "dredger": {
      "speedMean": 0.1972697368421057,
      "speedStd": 0.988366099005408,
      "headingMean": 191.41323792486583,
      "headingStd": 112.28511877670552,
      "lengthMean": 44.160315133748625,
      "widthMean": 12.099429657794676,
      "draftMean": 3.683556453649904,
      "stoppedFraction": 0.9712171052631579,
      "slowFraction": 0.026973684210526316,
      "moderateFraction": 0.001644736842105263,
      "fastFraction": 0.0001644736842105263
    },
    "military": {
      "speedMean": 1.027115579160347,
      "speedStd": 2.931729051421483,
      "headingMean": 193.5845979457759,
      "headingStd": 98.42837374768183,
      "lengthMean": 54.74661692253695,
      "widthMean": 12.649054244176957,
      "draftMean": 4.278191054458706,
      "stoppedFraction": 0.8738764859379531,
      "slowFraction": 0.0429992310310487,
      "moderateFraction": 0.06698854110202075,
      "fastFraction": 0.016135741928977522
    }
  }
}